id,first_name,last_name,email,gender,ip_address
1,Ketty,Moens,kmoens0@theguardian.com,Non-binary,237.3.96.241
2,Becca,Bullman,bbullman1@wufoo.com,Bigender,40.234.52.174
3,Bambi,Bumphrey,bbumphrey2@exblog.jp,Genderfluid,39.101.191.142
4,Farrah,Hanshaw,fhanshaw3@dailymail.co.uk,Male,82.160.165.212
5,Robinet,MacElane,rmacelane4@wikispaces.com,Female,128.213.155.34
6,Thorstein,Hicken,thicken5@imgur.com,Non-binary,75.180.106.175
7,Corrianne,Schaumaker,cschaumaker6@disqus.com,Male,123.65.11.92
8,Theresita,Lorente,tlorente7@mlb.com,Female,10.204.136.116
9,Baxter,Coppenhall,bcoppenhall8@blogger.com,Genderqueer,73.249.253.32
10,Maddi,Jotham,mjotham9@sitemeter.com,Genderqueer,145.7.232.0
11,Lindy,Goodliff,lgoodliffa@usgs.gov,Female,12.73.50.158
12,Amerigo,Malter,amalterb@shinystat.com,Polygender,68.120.20.27
13,Taddeusz,Symcox,tsymcoxc@tumblr.com,Bigender,171.146.117.119
14,Cheslie,Spikings,cspikingsd@howstuffworks.com,Genderqueer,124.152.206.205
15,Brent,Makin,bmakine@bravesites.com,Non-binary,196.197.243.21
16,Francoise,Barge,fbargef@si.edu,Genderqueer,33.156.77.174
17,Dinah,Batchelor,dbatchelorg@dropbox.com,Non-binary,172.26.93.77
18,Lisa,Wykey,lwykeyh@youtu.be,Male,71.63.214.217
19,Verine,Manwell,vmanwelli@dailymotion.com,Female,22.190.224.224
20,Eugenius,Breissan,ebreissanj@smh.com.au,Agender,48.203.165.124
21,Garrek,Grayne,ggraynek@addthis.com,Genderqueer,106.26.4.81
22,Hakim,Cranny,hcrannyl@ftc.gov,Bigender,154.117.214.201
23,Elvyn,Bogue,eboguem@devhub.com,Agender,193.113.57.16
24,Gareth,Rottery,grotteryn@creativecommons.org,Polygender,199.213.203.113
25,Melly,Inch,mincho@nifty.com,Male,25.58.174.248
26,Norman,Ribou,nriboup@linkedin.com,Polygender,239.179.243.179
27,Malia,Emeline,memelineq@addthis.com,Polygender,23.15.162.95
28,Michaela,Matysiak,mmatysiakr@1688.com,Non-binary,254.125.184.32
29,Connie,Blincowe,cblincowes@senate.gov,Genderfluid,131.202.206.200
30,Ayn,Bevar,abevart@dedecms.com,Genderfluid,9.68.227.214
31,Roxanna,Von Welden,rvonweldenu@feedburner.com,Genderqueer,70.128.103.145
32,Gunilla,Henrique,ghenriquev@pen.io,Male,209.177.248.227
33,Dulce,Ferrucci,dferrucciw@nhs.uk,Agender,74.116.227.168
34,Pennie,Thunnerclef,pthunnerclefx@youtube.com,Genderfluid,59.153.77.98
35,Laney,Paoletti,lpaolettiy@discuz.net,Agender,39.159.168.64
36,Brendon,Andreopolos,bandreopolosz@umn.edu,Genderqueer,99.239.252.46
37,Chicky,Treble,ctreble10@dion.ne.jp,Non-binary,113.39.251.44
38,Shirleen,Trobey,strobey11@shinystat.com,Female,108.163.98.110
39,Marjy,Dobey,mdobey12@phoca.cz,Polygender,14.75.238.128
40,Ludvig,Seifenmacher,lseifenmacher13@statcounter.com,Bigender,188.88.161.143
41,Lenka,Posten,lposten14@yolasite.com,Genderfluid,67.78.240.75
42,Martha,Hargey,mhargey15@theatlantic.com,Polygender,139.242.217.209
43,Isacco,Corfield,icorfield16@virginia.edu,Genderfluid,242.70.189.120
44,Richart,Reisenstein,rreisenstein17@nyu.edu,Genderfluid,254.34.134.158
45,Pooh,Zienkiewicz,pzienkiewicz18@xing.com,Agender,213.157.179.31
46,Lefty,Muzzini,lmuzzini19@sogou.com,Genderfluid,222.212.162.27
47,Arvie,Wolfe,awolfe1a@comsenz.com,Polygender,98.207.171.218
48,Town,Dunkerley,tdunkerley1b@facebook.com,Non-binary,163.143.119.42
49,Eddie,Spohrmann,espohrmann1c@illinois.edu,Non-binary,31.11.198.224
50,Nickolai,Patifield,npatifield1d@microsoft.com,Bigender,1.38.209.141
51,Cristina,Armfirld,carmfirld1e@quantcast.com,Polygender,111.210.37.64
52,Silvain,Bowart,sbowart1f@ucla.edu,Bigender,3.38.57.139
53,Odelinda,Dalwood,odalwood1g@sina.com.cn,Agender,146.86.4.233
54,Bridie,Nardi,bnardi1h@google.co.jp,Bigender,25.72.198.100
55,Lotti,Jahns,ljahns1i@epa.gov,Polygender,142.169.125.223
56,Correna,Nelsen,cnelsen1j@home.pl,Bigender,65.179.77.138
57,Benson,Di Pietro,bdipietro1k@un.org,Bigender,208.207.254.108
58,Frederik,Rosenvasser,frosenvasser1l@google.nl,Genderfluid,69.228.138.135
59,Ralf,Falloon,rfalloon1m@g.co,Genderfluid,136.164.243.160
60,Brose,Carlens,bcarlens1n@usgs.gov,Non-binary,169.228.122.121
61,Annabell,Yegorchenkov,ayegorchenkov1o@rambler.ru,Male,150.169.101.214
62,Marcia,Dishmon,mdishmon1p@cafepress.com,Agender,210.181.229.60
63,Ricard,Bullar,rbullar1q@smh.com.au,Agender,60.246.127.117
64,Garald,Sevier,gsevier1r@craigslist.org,Male,240.126.153.56
65,Martha,Jakeman,mjakeman1s@cbslocal.com,Genderqueer,229.71.228.162
66,Kirstyn,McCarver,kmccarver1t@bloomberg.com,Polygender,193.176.54.115
67,Rusty,Thay,rthay1u@thetimes.co.uk,Genderfluid,88.58.247.181
68,Holly,Rainsdon,hrainsdon1v@vk.com,Agender,239.237.186.134
69,Dwight,Calcott,dcalcott1w@dedecms.com,Genderqueer,81.150.19.118
70,Bradan,McLewd,bmclewd1x@admin.ch,Female,45.128.24.176
71,Seymour,Portriss,sportriss1y@ted.com,Genderfluid,119.168.134.253
72,Ramsay,Farnworth,rfarnworth1z@google.ca,Agender,26.77.203.47
73,Adriano,Burnup,aburnup20@eventbrite.com,Genderfluid,82.40.64.243
74,Floris,Arends,farends21@wsj.com,Polygender,44.57.238.215
75,Blondy,Tomaschke,btomaschke22@icio.us,Bigender,180.24.31.140
76,Wendel,Ferdinand,wferdinand23@miibeian.gov.cn,Polygender,218.18.187.41
77,Brnaba,Whitnell,bwhitnell24@apple.com,Agender,6.154.84.82
78,Elle,Bowstead,ebowstead25@netscape.com,Non-binary,167.145.0.53
79,Linette,Hayton,lhayton26@free.fr,Non-binary,18.219.159.234
80,Bette,Kubacki,bkubacki27@oakley.com,Agender,14.150.48.110
81,Douglass,Slopier,dslopier28@yellowbook.com,Non-binary,147.214.47.44
82,Glenden,Mozzini,gmozzini29@skype.com,Female,77.0.86.197
83,Sully,Rodgier,srodgier2a@spotify.com,Bigender,84.150.236.51
84,Leanor,Playdon,lplaydon2b@networkadvertising.org,Agender,60.198.178.71
85,Bing,De Bernardis,bdebernardis2c@pagesperso-orange.fr,Polygender,211.52.52.157
86,Axe,Sample,asample2d@ox.ac.uk,Non-binary,185.70.211.118
87,Deanna,Suddock,dsuddock2e@github.io,Genderqueer,25.123.171.70
88,Sibyl,Heare,sheare2f@devhub.com,Genderfluid,43.215.107.192
89,Gillian,Machel,gmachel2g@cnet.com,Male,157.192.26.202
90,Neils,Dunk,ndunk2h@weather.com,Non-binary,190.115.187.213
91,Cecilio,Roscam,croscam2i@intel.com,Polygender,39.190.186.32
92,Shandee,Aspenlon,saspenlon2j@unicef.org,Genderfluid,0.9.12.142
93,Abe,Bettanay,abettanay2k@bloglines.com,Bigender,241.7.186.128
94,Agnese,McNally,amcnally2l@delicious.com,Polygender,123.51.153.146
95,Britt,Odda,bodda2m@mediafire.com,Male,194.3.188.97
96,Earle,MacAlees,emacalees2n@kickstarter.com,Non-binary,81.100.153.12
97,Briant,Canlin,bcanlin2o@gizmodo.com,Male,93.138.142.88
98,Esteban,Jewkes,ejewkes2p@a8.net,Agender,188.27.104.14
99,Briant,Akitt,bakitt2q@eventbrite.com,Male,95.21.253.185
100,Catina,Birtonshaw,cbirtonshaw2r@loc.gov,Genderfluid,57.210.251.63
101,Iosep,Spellsworth,ispellsworth2s@smugmug.com,Female,162.18.193.163
102,Corenda,Brandreth,cbrandreth2t@rediff.com,Female,23.134.60.27
103,Luisa,Aucott,laucott2u@feedburner.com,Genderfluid,161.255.32.1
104,Tyne,Ovenell,tovenell2v@marketwatch.com,Non-binary,62.248.143.73
105,Deny,Arrow,darrow2w@paginegialle.it,Female,147.177.128.111
106,Gian,Jiri,gjiri2x@seattletimes.com,Female,242.92.53.213
107,Pierre,Andersen,pandersen2y@plala.or.jp,Genderqueer,175.215.60.72
108,Wilt,Clapperton,wclapperton2z@xinhuanet.com,Non-binary,44.34.83.100
109,Vernen,Haldon,vhaldon30@senate.gov,Polygender,212.51.151.234
110,Mack,Kisting,mkisting31@harvard.edu,Non-binary,108.136.225.230
111,Tabina,Meggison,tmeggison32@myspace.com,Agender,240.217.189.131
112,Henriette,Zupa,hzupa33@usa.gov,Genderqueer,2.162.248.247
113,Standford,Leverage,sleverage34@sitemeter.com,Genderqueer,194.224.217.64
114,Shay,Campbell-Dunlop,scampbelldunlop35@cam.ac.uk,Non-binary,197.97.31.187
115,Vallie,Brett,vbrett36@nih.gov,Female,210.96.82.111
116,Bernhard,Eastment,beastment37@infoseek.co.jp,Bigender,34.134.173.242
117,Koressa,Ricards,kricards38@deliciousdays.com,Polygender,130.131.184.129
118,Doria,Bech,dbech39@histats.com,Male,138.110.65.233
119,Sophie,O'Dempsey,sodempsey3a@chronoengine.com,Genderqueer,20.50.202.121
120,Demetri,Yukhnini,dyukhnini3b@ocn.ne.jp,Polygender,223.153.62.14
121,Lambert,Banke,lbanke3c@biblegateway.com,Bigender,165.236.228.152
122,Garrett,Lawrenz,glawrenz3d@bluehost.com,Agender,183.183.48.177
123,Constantine,Goodacre,cgoodacre3e@123-reg.co.uk,Male,142.54.209.99
124,Mick,Aylett,maylett3f@google.cn,Male,220.219.61.203
125,Emyle,Fardy,efardy3g@newsvine.com,Agender,240.121.115.128
126,Waite,Eisikowitch,weisikowitch3h@google.nl,Female,249.151.182.216
127,Pauly,Galier,pgalier3i@opera.com,Non-binary,165.133.120.170
128,Rosalinda,Worcester,rworcester3j@pbs.org,Genderqueer,222.84.26.54
129,Vernice,Oswell,voswell3k@example.com,Male,71.243.77.125
130,Babs,Romeuf,bromeuf3l@reverbnation.com,Genderqueer,242.196.141.66
131,Bobbette,Whooley,bwhooley3m@gizmodo.com,Agender,118.180.81.115
132,Elayne,Giffin,egiffin3n@umich.edu,Agender,191.163.17.198
133,Kingsley,De Cristoforo,kdecristoforo3o@google.com.br,Male,123.157.245.188
134,Risa,Reboul,rreboul3p@discovery.com,Female,156.232.27.199
135,Emiline,Okie,eokie3q@technorati.com,Female,122.103.198.61
136,Anabella,Cordie,acordie3r@hibu.com,Bigender,17.59.187.255
137,Winnah,Hiley,whiley3s@europa.eu,Agender,164.154.173.133
138,Noemi,Dutton,ndutton3t@wordpress.org,Genderfluid,108.185.104.187
139,Shalom,Haskayne,shaskayne3u@blinklist.com,Genderfluid,13.155.228.233
140,Amberly,Rugieri,arugieri3v@uol.com.br,Agender,176.90.193.30
141,Roderic,Trowsdale,rtrowsdale3w@themeforest.net,Female,183.155.109.215
142,Johnathon,Tynemouth,jtynemouth3x@sourceforge.net,Agender,238.175.28.229
143,Law,Wycliffe,lwycliffe3y@linkedin.com,Bigender,112.56.57.150
144,Marlie,Crickmer,mcrickmer3z@geocities.jp,Polygender,155.187.81.157
145,Guinevere,Morstatt,gmorstatt40@telegraph.co.uk,Male,8.237.159.103
146,Mendie,Dranfield,mdranfield41@sphinn.com,Non-binary,35.246.223.140
147,Jacinta,Chasles,jchasles42@elegantthemes.com,Bigender,221.72.171.66
148,Sibylla,Childs,schilds43@amazon.com,Female,99.104.177.122
149,Rosita,Fairham,rfairham44@qq.com,Non-binary,103.255.198.93
150,Jazmin,Matevushev,jmatevushev45@wikia.com,Female,85.105.235.232
151,Germaine,Rainer,grainer46@sogou.com,Agender,106.59.110.216
152,Broddy,Scandred,bscandred47@yale.edu,Genderqueer,48.47.157.2
153,Bentlee,Quadling,bquadling48@hostgator.com,Agender,252.84.116.139
154,Verene,Inchley,vinchley49@mayoclinic.com,Genderqueer,248.225.185.199
155,Marney,Atherton,matherton4a@vistaprint.com,Female,252.192.157.244
156,Malachi,Born,mborn4b@pagesperso-orange.fr,Genderqueer,95.101.88.91
157,Prentiss,Powdrill,ppowdrill4c@cdbaby.com,Genderfluid,158.132.13.60
158,Glennie,Farragher,gfarragher4d@nationalgeographic.com,Non-binary,133.255.206.56
159,Robers,Froschauer,rfroschauer4e@mtv.com,Polygender,108.183.193.40
160,Elwin,Painten,epainten4f@theglobeandmail.com,Female,163.36.101.183
161,Grove,Keeri,gkeeri4g@theatlantic.com,Genderqueer,193.219.68.190
162,Joey,Cowerd,jcowerd4h@symantec.com,Bigender,93.243.2.172
163,Clementia,Degoey,cdegoey4i@shinystat.com,Female,18.171.189.222
164,Jeanette,Batalini,jbatalini4j@bravesites.com,Female,46.69.135.239
165,Raul,Stollwerck,rstollwerck4k@seesaa.net,Polygender,35.158.224.160
166,Hastie,Knight,hknight4l@soup.io,Genderqueer,228.67.177.226
167,Julie,Perrat,jperrat4m@studiopress.com,Female,204.132.62.135
168,Chrisse,McGilroy,cmcgilroy4n@princeton.edu,Non-binary,34.35.111.187
169,Winnifred,Overstall,woverstall4o@51.la,Male,237.202.253.197
170,Robby,Lewsam,rlewsam4p@cnet.com,Non-binary,86.111.234.83
171,Georgina,Bearcock,gbearcock4q@google.co.uk,Polygender,148.244.36.166
172,Karyl,Reason,kreason4r@sfgate.com,Genderfluid,172.234.123.160
173,Glen,Seargeant,gseargeant4s@fastcompany.com,Agender,241.188.74.179
174,Vinson,Orteu,vorteu4t@squidoo.com,Non-binary,115.206.91.129
175,Aleda,Lace,alace4u@myspace.com,Female,55.240.161.17
176,Siward,Bruntjen,sbruntjen4v@google.co.uk,Non-binary,102.48.107.21
177,Babs,Rozycki,brozycki4w@vkontakte.ru,Female,134.53.230.42
178,Morlee,Paulton,mpaulton4x@whitehouse.gov,Male,117.192.151.189
179,Angelico,Whithorn,awhithorn4y@youku.com,Male,56.226.223.46
180,Gretchen,Hanscom,ghanscom4z@va.gov,Bigender,77.145.35.79
181,Nan,Greder,ngreder50@dyndns.org,Agender,14.0.23.231
182,Farly,Tanby,ftanby51@over-blog.com,Genderfluid,32.241.110.118
183,Terencio,Wootton,twootton52@engadget.com,Male,224.217.12.58
184,Edee,Clink,eclink53@ning.com,Female,220.3.35.21
185,Emogene,Gratland,egratland54@altervista.org,Bigender,244.212.217.72
186,Steffie,Matfield,smatfield55@4shared.com,Genderqueer,219.145.52.156
187,Fairlie,Flux,fflux56@surveymonkey.com,Male,35.105.158.98
188,Xylina,de Guise,xdeguise57@xing.com,Genderfluid,212.234.35.143
189,Blinnie,Ranby,branby58@creativecommons.org,Genderqueer,75.47.195.47
190,Yanaton,Dericot,ydericot59@ameblo.jp,Female,92.140.201.220
191,Adriano,Tue,atue5a@sakura.ne.jp,Non-binary,205.92.238.130
192,Lauryn,Bygrove,lbygrove5b@smh.com.au,Polygender,11.97.241.59
193,Harriot,Lombardo,hlombardo5c@google.it,Genderqueer,153.18.208.249
194,Casandra,McGrorty,cmcgrorty5d@admin.ch,Non-binary,13.58.201.2
195,Waiter,Anthoin,wanthoin5e@home.pl,Genderfluid,66.154.93.129
196,Loretta,Beaulieu,lbeaulieu5f@yandex.ru,Genderfluid,216.246.14.100
197,Nelia,Monger,nmonger5g@ibm.com,Genderfluid,215.136.202.45
198,Peder,Libbe,plibbe5h@ifeng.com,Polygender,254.174.46.125
199,Joyann,Abrahamoff,jabrahamoff5i@over-blog.com,Agender,190.35.156.58
200,Wood,Rudeyeard,wrudeyeard5j@slate.com,Bigender,181.123.188.22
201,Gerti,Roarty,groarty5k@discovery.com,Bigender,7.6.174.197
202,Dorey,Wilgar,dwilgar5l@marketwatch.com,Female,51.20.241.62
203,Clare,Corns,ccorns5m@whitehouse.gov,Genderfluid,102.174.135.128
204,Brade,Maliffe,bmaliffe5n@microsoft.com,Male,70.168.11.165
205,Donalt,Worsalls,dworsalls5o@deliciousdays.com,Genderqueer,130.47.41.72
206,Steve,Bolte,sbolte5p@clickbank.net,Polygender,33.35.146.117
207,Stephannie,Ley,sley5q@sfgate.com,Genderfluid,202.235.197.26
208,Giselbert,Bradly,gbradly5r@fema.gov,Non-binary,252.101.164.52
209,Reube,Grayer,rgrayer5s@pinterest.com,Non-binary,45.173.51.144
210,Melloney,Tipping,mtipping5t@clickbank.net,Agender,244.231.121.131
211,Cordell,Sowte,csowte5u@psu.edu,Genderqueer,32.198.183.226
212,Karlee,Bricket,kbricket5v@networksolutions.com,Agender,186.236.193.189
213,Hobey,Jobke,hjobke5w@blogtalkradio.com,Polygender,35.236.247.1
214,Barbey,Shepard,bshepard5x@yelp.com,Polygender,245.206.177.75
215,Hamel,Archbald,harchbald5y@nymag.com,Non-binary,240.221.9.183
216,Chrystel,Jewer,cjewer5z@cbslocal.com,Non-binary,212.102.78.192
217,Brenden,Malinson,bmalinson60@hc360.com,Bigender,109.151.58.171
218,Hollyanne,Nevill,hnevill61@naver.com,Agender,116.232.119.68
219,Berti,Southerns,bsoutherns62@merriam-webster.com,Genderqueer,176.82.101.131
220,Kendre,Loughan,kloughan63@flavors.me,Male,239.249.235.249
221,Ilse,Bacher,ibacher64@princeton.edu,Bigender,35.16.102.51
222,Massimo,Totman,mtotman65@surveymonkey.com,Agender,141.169.56.124
223,Gregoor,Huffer,ghuffer66@ycombinator.com,Agender,43.62.96.238
224,Byron,Gouinlock,bgouinlock67@icq.com,Female,108.50.141.147
225,Glen,Grabham,ggrabham68@storify.com,Agender,227.151.19.238
226,Nelle,McMurray,nmcmurray69@meetup.com,Genderqueer,44.209.79.150
227,Donni,Grimble,dgrimble6a@microsoft.com,Agender,95.60.17.129
228,Bettina,Chaize,bchaize6b@house.gov,Male,127.3.250.24
229,Stevana,Cansfield,scansfield6c@elegantthemes.com,Male,10.14.152.79
230,Cybill,Berends,cberends6d@google.pl,Agender,190.193.212.235
231,Cherice,Nurcombe,cnurcombe6e@businessinsider.com,Female,86.148.124.222
232,Carson,Mynard,cmynard6f@ted.com,Polygender,130.192.49.192
233,Agnes,Shoorbrooke,ashoorbrooke6g@t-online.de,Polygender,28.239.239.159
234,Gabby,Doddemeade,gdoddemeade6h@icio.us,Male,134.253.37.112
235,Kelsi,Teresia,kteresia6i@istockphoto.com,Genderfluid,111.38.63.109
236,Elinore,Grundwater,egrundwater6j@google.de,Genderfluid,109.241.161.210
237,Drucie,Hugle,dhugle6k@wired.com,Agender,252.38.219.181
238,Liane,Skypp,lskypp6l@businessweek.com,Non-binary,242.38.129.186
239,Meredith,Hindsberg,mhindsberg6m@indiegogo.com,Male,244.155.131.184
240,Kinny,Gewer,kgewer6n@plala.or.jp,Polygender,98.224.82.161
241,Gui,Semour,gsemour6o@state.gov,Male,252.15.89.106
242,Paquito,Taaffe,ptaaffe6p@phoca.cz,Genderfluid,151.209.253.241
243,Cathleen,Bohills,cbohills6q@omniture.com,Genderqueer,34.166.182.80
244,Garald,Pleace,gpleace6r@sitemeter.com,Genderqueer,31.237.124.0
245,Erinn,Hof,ehof6s@storify.com,Bigender,38.130.16.198
246,Teodora,Frankcomb,tfrankcomb6t@t-online.de,Male,245.158.114.95
247,Mildrid,Trenbay,mtrenbay6u@bandcamp.com,Bigender,139.93.106.16
248,Sacha,Holwell,sholwell6v@census.gov,Male,221.198.132.25
249,Harry,Leveridge,hleveridge6w@w3.org,Female,115.80.71.48
250,Orlan,Robers,orobers6x@github.io,Male,59.103.195.1
251,Rickert,Reece,rreece6y@nbcnews.com,Agender,195.248.219.202
252,Lonnie,Carlsson,lcarlsson6z@reference.com,Genderfluid,10.71.231.181
253,Nana,Banat,nbanat70@opensource.org,Non-binary,94.106.79.145
254,Darla,Marusic,dmarusic71@pen.io,Non-binary,247.190.226.103
255,Verina,Labdon,vlabdon72@narod.ru,Genderqueer,53.234.204.233
256,Ethelbert,Jedrzej,ejedrzej73@about.com,Genderfluid,141.236.248.195
257,Harald,Chessman,hchessman74@discovery.com,Agender,113.181.37.102
258,Huberto,Gercke,hgercke75@home.pl,Genderqueer,82.154.242.4
259,Doralin,Terbruggen,dterbruggen76@reuters.com,Agender,144.122.227.33
260,Darcey,Wollen,dwollen77@domainmarket.com,Polygender,128.236.216.44
261,Sibelle,Simic,ssimic78@unc.edu,Polygender,73.89.64.235
262,Linnell,Malthus,lmalthus79@geocities.jp,Genderqueer,23.177.247.157
263,Junie,Loft,jloft7a@smugmug.com,Genderqueer,150.205.193.238
264,Babita,Cayzer,bcayzer7b@ted.com,Non-binary,174.153.225.138
265,Chuck,Lias,clias7c@thetimes.co.uk,Bigender,46.35.53.178
266,Keslie,Thireau,kthireau7d@sogou.com,Female,139.151.161.103
267,Odetta,Dedney,odedney7e@com.com,Bigender,241.75.52.13
268,Gonzalo,Morrel,gmorrel7f@a8.net,Non-binary,62.117.185.42
269,Ame,Beeckx,abeeckx7g@jalbum.net,Non-binary,219.88.29.30
270,Der,Ratlee,dratlee7h@squidoo.com,Female,60.22.184.90
271,Guthrey,Wear,gwear7i@prnewswire.com,Agender,155.213.34.113
272,Erminia,Dartan,edartan7j@chron.com,Polygender,174.12.251.241
273,Bridgette,Belk,bbelk7k@mozilla.org,Agender,74.183.145.63
274,Willie,Clawley,wclawley7l@1688.com,Non-binary,213.195.130.72
275,Banky,Bartalin,bbartalin7m@xing.com,Polygender,34.40.148.170
276,Cassi,Jeannequin,cjeannequin7n@artisteer.com,Non-binary,67.147.33.210
277,Vincenty,Tallboy,vtallboy7o@pagesperso-orange.fr,Genderqueer,141.117.79.6
278,Cecilla,Charer,ccharer7p@symantec.com,Male,159.131.229.92
279,Minetta,Dun,mdun7q@sohu.com,Female,233.155.199.5
280,Cad,Dablin,cdablin7r@shareasale.com,Genderqueer,13.0.34.39
281,Thacher,Edon,tedon7s@salon.com,Genderfluid,181.221.66.212
282,Sallyanne,Adney,sadney7t@google.fr,Genderfluid,85.236.112.100
283,Merry,Legh,mlegh7u@ehow.com,Genderfluid,203.97.42.65
284,Temp,Bellham,tbellham7v@macromedia.com,Non-binary,245.21.84.0
285,Merrel,Etock,metock7w@si.edu,Polygender,144.58.146.38
286,Tersina,Wilsee,twilsee7x@reference.com,Genderqueer,218.28.42.124
287,Durant,Inglesent,dinglesent7y@xing.com,Non-binary,133.197.33.18
288,Rhianon,Noad,rnoad7z@wisc.edu,Female,92.59.158.252
289,Vite,Aaronsohn,vaaronsohn80@who.int,Male,241.192.47.244
290,Rosco,Allport,rallport81@wordpress.org,Polygender,153.157.162.77
291,Nolan,Huleatt,nhuleatt82@salon.com,Male,235.106.241.71
292,Boony,Fey,bfey83@examiner.com,Genderfluid,33.237.94.15
293,Adrienne,Jendrys,ajendrys84@bloomberg.com,Bigender,146.125.89.36
294,Filide,Zannotelli,fzannotelli85@i2i.jp,Female,193.224.253.123
295,Catherin,Gregor,cgregor86@npr.org,Non-binary,220.63.211.94
296,Jennica,Marjoram,jmarjoram87@addthis.com,Female,239.75.218.174
297,Joellen,Razzell,jrazzell88@virginia.edu,Male,74.5.76.14
298,Barthel,Elfe,belfe89@geocities.com,Male,225.195.192.44
299,Fey,Sanbrooke,fsanbrooke8a@google.es,Genderqueer,55.59.99.237
300,Othilie,Miskin,omiskin8b@youtu.be,Genderqueer,231.54.13.210
301,Eloise,Cajkler,ecajkler8c@hud.gov,Male,191.245.220.187
302,Cart,Krale,ckrale8d@vimeo.com,Polygender,132.62.181.242
303,Jarid,Mountfort,jmountfort8e@delicious.com,Polygender,215.160.218.16
304,Zacharie,Geekin,zgeekin8f@aol.com,Polygender,57.241.34.33
305,Evania,Canham,ecanham8g@techcrunch.com,Polygender,93.79.105.219
306,Georgy,Bastable,gbastable8h@ezinearticles.com,Agender,239.51.68.19
307,Brant,Buncher,bbuncher8i@vistaprint.com,Female,104.188.229.16
308,Dari,Votier,dvotier8j@ocn.ne.jp,Non-binary,137.124.110.37
309,Sibbie,Uccelli,succelli8k@nyu.edu,Bigender,191.102.98.106
310,Tessa,Asey,tasey8l@merriam-webster.com,Genderqueer,9.153.23.43
311,Stacy,Dorrian,sdorrian8m@geocities.jp,Male,64.227.193.53
312,Dawn,Lyburn,dlyburn8n@go.com,Female,166.61.97.18
313,Chickie,Phippard,cphippard8o@hp.com,Non-binary,147.183.59.22
314,Agata,Robertot,arobertot8p@ca.gov,Agender,184.133.234.73
315,Homer,Steinhammer,hsteinhammer8q@drupal.org,Genderfluid,139.241.203.105
316,Lars,Yakunikov,lyakunikov8r@printfriendly.com,Bigender,118.189.236.225
317,Myrilla,Nell,mnell8s@buzzfeed.com,Genderfluid,226.144.40.121
318,Lucien,Bohl,lbohl8t@jiathis.com,Female,16.10.233.253
319,Heidi,Rawcliffe,hrawcliffe8u@cdbaby.com,Polygender,223.209.81.171
320,Gwendolin,O'Nion,gonion8v@people.com.cn,Genderfluid,96.1.89.163
321,Gaylene,Carse,gcarse8w@yahoo.com,Genderqueer,254.61.179.95
322,Pancho,Ranyard,pranyard8x@europa.eu,Agender,238.50.144.185
323,Marthe,McFie,mmcfie8y@live.com,Agender,216.185.198.230
324,Kelley,Fitzsymon,kfitzsymon8z@earthlink.net,Polygender,102.94.147.32
325,Amery,Moulder,amoulder90@thetimes.co.uk,Female,66.229.140.23
326,Randi,Sharland,rsharland91@who.int,Non-binary,200.38.191.219
327,Melinde,Plank,mplank92@canalblog.com,Genderqueer,137.149.118.3
328,Janice,Gorvette,jgorvette93@gov.uk,Genderqueer,245.244.227.88
329,Dyane,Debenham,ddebenham94@php.net,Genderqueer,191.230.220.33
330,Isidor,Begin,ibegin95@wix.com,Bigender,45.39.210.14
331,Meryl,Ellwell,mellwell96@yahoo.com,Non-binary,72.113.39.218
332,Anthe,Howison,ahowison97@smh.com.au,Genderfluid,90.255.60.13
333,Suellen,Fellos,sfellos98@feedburner.com,Polygender,116.92.241.93
334,Cass,Sergison,csergison99@163.com,Male,117.143.57.153
335,Kristofor,Knowlson,kknowlson9a@prweb.com,Polygender,134.122.41.144
336,Audi,Morris,amorris9b@nih.gov,Female,214.108.75.138
337,Dalila,Brikner,dbrikner9c@github.io,Polygender,150.237.145.82
338,Meta,Bannister,mbannister9d@aol.com,Bigender,124.90.229.243
339,Anabal,Nettleship,anettleship9e@pbs.org,Agender,71.83.61.91
340,Carole,Jaimez,cjaimez9f@constantcontact.com,Genderfluid,13.163.85.96
341,Jamil,Siss,jsiss9g@simplemachines.org,Genderfluid,39.164.179.135
342,Cobby,Fluck,cfluck9h@blog.com,Genderfluid,94.157.215.9
343,Harley,Pennick,hpennick9i@google.com.au,Agender,84.220.112.103
344,Conan,Durnell,cdurnell9j@reverbnation.com,Male,94.201.152.147
345,Dina,Chipps,dchipps9k@bizjournals.com,Male,79.219.74.129
346,Michail,Westgarth,mwestgarth9l@usnews.com,Female,46.196.26.140
347,Rice,Kerslake,rkerslake9m@seesaa.net,Female,76.168.224.76
348,Alicea,Maddigan,amaddigan9n@homestead.com,Genderfluid,76.76.132.211
349,Kassandra,Boarer,kboarer9o@gmpg.org,Female,64.254.190.161
350,Brady,Bartak,bbartak9p@wsj.com,Bigender,245.19.237.38
351,Gwyn,Petkens,gpetkens9q@woothemes.com,Male,236.237.227.133
352,Dasya,Medler,dmedler9r@virginia.edu,Polygender,44.104.61.214
353,Jasmin,Shawe,jshawe9s@artisteer.com,Non-binary,73.155.170.48
354,Ardelia,Jacobs,ajacobs9t@sciencedirect.com,Agender,230.56.252.122
355,Gerhard,Meineking,gmeineking9u@infoseek.co.jp,Agender,60.169.95.81
356,Krystal,Bodega,kbodega9v@cloudflare.com,Non-binary,7.4.148.234
357,Junie,McRannell,jmcrannell9w@ning.com,Genderqueer,134.152.255.99
358,Gallard,Martinovic,gmartinovic9x@bizjournals.com,Female,109.136.186.168
359,Royce,Geeraert,rgeeraert9y@moonfruit.com,Genderfluid,183.70.196.45
360,Mindy,Pointon,mpointon9z@1und1.de,Female,111.215.121.1
361,Antonin,Spilling,aspillinga0@boston.com,Genderfluid,93.81.232.163
362,Barnard,Werendell,bwerendella1@omniture.com,Genderqueer,231.117.184.110
363,Caresa,Allanby,callanbya2@dyndns.org,Bigender,103.51.218.165
364,Bond,Buckenhill,bbuckenhilla3@discuz.net,Genderqueer,25.68.112.166
365,Damiano,Poate,dpoatea4@webs.com,Genderfluid,39.142.59.152
366,Lucille,Gambie,lgambiea5@amazon.de,Genderqueer,151.127.219.196
367,Lucius,Fiddiman,lfiddimana6@cdbaby.com,Bigender,244.57.32.21
368,Conny,Males,cmalesa7@soup.io,Bigender,118.214.60.90
369,Simmonds,Extance,sextancea8@cocolog-nifty.com,Female,78.122.67.94
370,Kleon,Sawyers,ksawyersa9@csmonitor.com,Bigender,254.187.232.73
371,Laura,Blaymires,lblaymiresaa@is.gd,Male,238.172.161.104
372,Von,Sinkins,vsinkinsab@army.mil,Bigender,92.230.217.210
373,Finlay,Risman,frismanac@tinyurl.com,Female,80.187.248.38
374,Donica,Blowes,dblowesad@admin.ch,Bigender,29.199.173.54
375,Gay,Simeon,gsimeonae@twitter.com,Genderfluid,154.227.219.209
376,Shannah,Tumasian,stumasianaf@dmoz.org,Male,160.149.209.204
377,Lilia,Smalles,lsmallesag@de.vu,Male,145.159.213.103
378,Currie,Gotcher,cgotcherah@paginegialle.it,Non-binary,236.185.223.220
379,Oren,Kurth,okurthai@msu.edu,Male,50.209.17.186
380,Jessie,Everleigh,jeverleighaj@ifeng.com,Genderqueer,150.90.94.35
381,Rivalee,Strotton,rstrottonak@nps.gov,Non-binary,169.78.83.90
382,Gaby,Rampley,grampleyal@whitehouse.gov,Genderfluid,125.20.132.15
383,Anica,Pesik,apesikam@usnews.com,Genderfluid,99.200.175.160
384,Bryn,MacAndreis,bmacandreisan@flavors.me,Genderqueer,177.60.201.148
385,Jaquelyn,Serot,jserotao@google.es,Non-binary,218.145.229.21
386,Hamlen,Southerton,hsouthertonap@dot.gov,Female,167.76.201.50
387,Willetta,Drury,wdruryaq@cloudflare.com,Polygender,112.196.97.53
388,Hubie,Rookwell,hrookwellar@pcworld.com,Non-binary,134.67.42.101
389,Pattie,Floweth,pflowethas@narod.ru,Agender,182.170.236.3
390,Agretha,Monni,amonniat@cyberchimps.com,Genderqueer,219.124.236.93
391,Cole,Bengefield,cbengefieldau@wikipedia.org,Genderqueer,129.209.223.187
392,Spencer,Kimmings,skimmingsav@tiny.cc,Female,172.52.168.238
393,Basia,McClaughlin,bmcclaughlinaw@cnbc.com,Female,12.199.156.137
394,Pryce,Baccup,pbaccupax@soundcloud.com,Genderfluid,219.164.139.255
395,Jaime,Whitland,jwhitlanday@nps.gov,Genderqueer,161.116.140.226
396,Karlik,Langdon,klangdonaz@networksolutions.com,Polygender,23.197.253.63
397,Brunhilda,Milier,bmilierb0@issuu.com,Bigender,135.14.58.34
398,Agnese,MacCheyne,amaccheyneb1@reverbnation.com,Non-binary,61.220.145.3
399,Ursula,Salvadore,usalvadoreb2@europa.eu,Polygender,242.77.209.37
400,Madelle,Dace,mdaceb3@toplist.cz,Non-binary,123.221.166.80
401,Darleen,Burrass,dburrassb4@disqus.com,Genderqueer,109.18.132.157
402,Rhodia,MacCathay,rmaccathayb5@delicious.com,Non-binary,225.217.149.220
403,Ciel,Waples,cwaplesb6@google.com.au,Genderfluid,188.7.164.39
404,Robinia,Shorland,rshorlandb7@barnesandnoble.com,Agender,107.132.247.181
405,Sanderson,Hustings,shustingsb8@dot.gov,Genderfluid,183.31.64.76
406,Benedikt,Jobson,bjobsonb9@mail.ru,Non-binary,120.91.195.56
407,Piggy,Burdytt,pburdyttba@thetimes.co.uk,Non-binary,52.203.147.33
408,Carie,Bareham,cbarehambb@buzzfeed.com,Non-binary,247.177.43.207
409,Skipton,Malden,smaldenbc@zimbio.com,Non-binary,88.131.57.176
410,Perry,Rustedge,prustedgebd@bandcamp.com,Female,192.135.217.30
411,Reuven,Meekin,rmeekinbe@gov.uk,Non-binary,35.229.56.43
412,Harold,Kundt,hkundtbf@xinhuanet.com,Genderfluid,200.229.156.210
413,Alexia,Ferrettino,aferrettinobg@vimeo.com,Bigender,73.49.83.68
414,Kirsteni,O'Sculley,kosculleybh@pagesperso-orange.fr,Non-binary,172.1.93.110
415,Berry,Osgorby,bosgorbybi@cloudflare.com,Male,198.85.30.81
416,Mommy,Coode,mcoodebj@unesco.org,Genderfluid,245.90.222.153
417,Woody,Tessyman,wtessymanbk@npr.org,Bigender,77.31.182.143
418,Babbette,Stanner,bstannerbl@springer.com,Male,59.64.67.98
419,Lisabeth,Sayton,lsaytonbm@dion.ne.jp,Non-binary,197.20.179.41
420,Baldwin,Strete,bstretebn@usa.gov,Agender,104.138.198.28
421,Dietrich,Wodham,dwodhambo@apache.org,Female,79.107.115.177
422,Gregory,Jessep,gjessepbp@skype.com,Bigender,29.216.164.218
423,Erica,Kirtley,ekirtleybq@nifty.com,Genderqueer,15.48.124.93
424,Von,Baal,vbaalbr@cyberchimps.com,Genderqueer,132.146.188.163
425,Coop,Simnell,csimnellbs@hexun.com,Non-binary,188.174.10.251
426,Joeann,Comley,jcomleybt@uol.com.br,Genderqueer,210.211.191.208
427,Raul,Oliveira,roliveirabu@myspace.com,Non-binary,91.174.191.46
428,Maggee,Kliemann,mkliemannbv@amazon.de,Polygender,167.127.3.88
429,Lora,Thornebarrow,lthornebarrowbw@yale.edu,Male,226.16.172.250
430,Willie,Emberton,wembertonbx@nymag.com,Bigender,132.169.226.222
431,Coop,Thompkins,cthompkinsby@nytimes.com,Agender,5.52.252.112
432,Clayson,Dummigan,cdummiganbz@un.org,Male,47.203.181.110
433,Davidde,Griffithe,dgriffithec0@ning.com,Polygender,197.110.177.157
434,Maible,Mullane,mmullanec1@google.com.br,Female,164.192.250.161
435,Sarena,Delooze,sdeloozec2@noaa.gov,Male,179.88.40.49
436,Osbert,Perdue,operduec3@reddit.com,Male,77.20.106.175
437,Kaylyn,Fishpool,kfishpoolc4@google.com.au,Female,61.241.128.0
438,Eadith,Poter,epoterc5@skype.com,Non-binary,148.176.125.155
439,Lionel,Ballston,lballstonc6@narod.ru,Bigender,217.233.135.241
440,Karla,Hogben,khogbenc7@fda.gov,Female,97.45.17.70
441,Norrie,Nutton,nnuttonc8@t-online.de,Polygender,122.119.1.224
442,Natty,Balbeck,nbalbeckc9@ehow.com,Genderfluid,49.59.248.196
443,Marlo,Stetlye,mstetlyeca@ning.com,Polygender,10.196.173.129
444,Wilhelm,Cradoc,wcradoccb@ycombinator.com,Male,97.225.41.200
445,Laraine,Guiducci,lguiduccicc@so-net.ne.jp,Bigender,73.82.81.133
446,Aridatha,Meneur,ameneurcd@unc.edu,Female,150.24.76.129
447,Maurie,Hendin,mhendince@xrea.com,Male,161.230.136.88
448,Gayel,Nestoruk,gnestorukcf@barnesandnoble.com,Female,172.65.15.143
449,Therese,Feldfisher,tfeldfishercg@microsoft.com,Agender,17.173.114.145
450,Dani,Gartery,dgarterych@scientificamerican.com,Genderqueer,122.22.144.107
451,Yvor,Girsch,ygirschci@theguardian.com,Genderfluid,135.127.91.243
452,Eb,Trassler,etrasslercj@privacy.gov.au,Polygender,139.164.130.218
453,Bruis,Friedank,bfriedankck@dyndns.org,Female,8.215.198.53
454,Dore,MacSwayde,dmacswaydecl@jiathis.com,Genderqueer,60.9.174.123
455,Brear,Philippault,bphilippaultcm@technorati.com,Bigender,226.231.130.125
456,Barbabas,Hardison,bhardisoncn@goodreads.com,Agender,4.138.170.238
457,Tab,Blaker,tblakerco@theguardian.com,Female,2.174.152.87
458,Gina,Kindon,gkindoncp@creativecommons.org,Female,201.36.27.99
459,Daven,Hazley,dhazleycq@ucoz.ru,Genderqueer,246.210.50.242
460,Devin,Peppett,dpeppettcr@twitpic.com,Bigender,43.108.142.220
461,Ronna,Giamuzzo,rgiamuzzocs@sitemeter.com,Bigender,21.200.76.129
462,Arlene,Vasyatkin,avasyatkinct@bloglovin.com,Non-binary,202.16.221.169
463,Gerhardt,Keasey,gkeaseycu@blogtalkradio.com,Bigender,141.11.192.53
464,Brantley,Herculeson,bherculesoncv@taobao.com,Agender,73.55.204.179
465,Rabi,Beaconsall,rbeaconsallcw@123-reg.co.uk,Agender,222.128.223.141
466,Heidi,Karppi,hkarppicx@wikispaces.com,Bigender,108.27.78.145
467,Dalton,Peltzer,dpeltzercy@ovh.net,Polygender,243.31.204.72
468,Ruperta,Gunda,rgundacz@imageshack.us,Bigender,39.83.234.198
469,Waylon,Harefoot,wharefootd0@si.edu,Agender,21.5.181.89
470,Tuesday,Sanchis,tsanchisd1@businesswire.com,Genderqueer,184.83.253.162
471,Glynnis,Hallede,ghalleded2@xrea.com,Agender,6.103.8.228
472,Blondy,Woodvine,bwoodvined3@issuu.com,Polygender,118.35.214.46
473,Antonina,Thewlis,athewlisd4@pinterest.com,Male,254.160.124.141
474,Lonna,Thurlow,lthurlowd5@hatena.ne.jp,Non-binary,75.19.130.58
475,Carole,Carstairs,ccarstairsd6@census.gov,Female,164.101.17.149
476,Aguistin,Osorio,aosoriod7@macromedia.com,Non-binary,137.105.45.157
477,Sophia,Budgey,sbudgeyd8@reference.com,Agender,207.1.248.89
478,Miguel,Harris,mharrisd9@networksolutions.com,Polygender,71.132.160.202
479,Elliott,Toomey,etoomeyda@tinypic.com,Agender,87.99.206.84
480,Morgun,Rubel,mrubeldb@ycombinator.com,Non-binary,36.103.137.129
481,Jena,Gledstane,jgledstanedc@statcounter.com,Agender,227.100.141.114
482,Sigfried,Hughes,shughesdd@latimes.com,Male,117.225.117.24
483,Axe,Studde,astuddede@friendfeed.com,Non-binary,36.91.95.137
484,Anstice,Jessard,ajessarddf@bing.com,Polygender,221.146.32.196
485,Angeline,Roskruge,aroskrugedg@drupal.org,Genderqueer,230.90.99.69
486,Ulrick,Peele,upeeledh@youtube.com,Female,161.130.225.150
487,Shannan,Barns,sbarnsdi@parallels.com,Polygender,72.43.205.190
488,Clyde,Rotherham,crotherhamdj@mapquest.com,Bigender,38.169.47.66
489,Aindrea,Poupard,apouparddk@sfgate.com,Agender,179.210.117.85
490,Huntlee,Yarmouth,hyarmouthdl@csmonitor.com,Polygender,38.104.55.61
491,Richart,Panniers,rpanniersdm@moonfruit.com,Male,245.229.106.149
492,Kipp,Castelijn,kcastelijndn@prnewswire.com,Genderqueer,15.96.42.207
493,Barty,McCahey,bmccaheydo@usda.gov,Male,224.170.130.30
494,Baxie,Sparkwell,bsparkwelldp@china.com.cn,Female,65.24.189.3
495,Dede,Warman,dwarmandq@answers.com,Polygender,25.194.200.139
496,Morganne,Queyeiro,mqueyeirodr@pen.io,Non-binary,128.64.155.229
497,Celie,Kitchingman,ckitchingmands@hud.gov,Genderfluid,172.70.110.204
498,Ugo,Anten,uantendt@rakuten.co.jp,Non-binary,169.166.77.131
499,Pet,Gingell,pgingelldu@twitter.com,Male,32.23.201.77
500,Rozanne,Halloway,rhallowaydv@qq.com,Female,53.238.91.88
501,Pembroke,Kemmer,pkemmerdw@nature.com,Agender,8.38.224.14
502,Aidan,Cardno,acardnodx@dion.ne.jp,Genderfluid,172.47.218.11
503,Ricki,Cuesta,rcuestady@nationalgeographic.com,Agender,4.139.207.8
504,Ernest,Rutt,eruttdz@google.ca,Female,4.248.107.160
505,Bernadine,Markovic,bmarkovice0@networkadvertising.org,Bigender,6.183.169.127
506,Agna,Sendall,asendalle1@ezinearticles.com,Polygender,16.89.114.76
507,Harcourt,Fellgate,hfellgatee2@bbb.org,Female,127.113.97.173
508,Christy,Tibbetts,ctibbettse3@oracle.com,Bigender,134.161.170.15
509,Rochella,Falck,rfalcke4@addthis.com,Non-binary,187.3.184.112
510,Adele,Asif,aasife5@archive.org,Female,203.136.248.186
511,Shaylah,Van Der Vlies,svandervliese6@mtv.com,Genderfluid,25.169.109.144
512,Bob,Emeline,bemelinee7@miitbeian.gov.cn,Genderqueer,178.31.209.201
513,Hertha,Berrygun,hberrygune8@cbc.ca,Genderfluid,226.52.11.181
514,Domenic,Pickle,dpicklee9@google.com.hk,Female,169.235.117.100
515,Vern,Hoffman,vhoffmanea@php.net,Bigender,218.92.110.43
516,Dede,Geraud,dgeraudeb@wikia.com,Bigender,146.131.50.6
517,Dael,Holby,dholbyec@hao123.com,Non-binary,218.183.235.219
518,Francisco,Elcoate,felcoateed@cpanel.net,Agender,199.208.2.63
519,Amandy,Blanchet,ablanchetee@washingtonpost.com,Female,77.183.244.195
520,Dorie,Aspray,dasprayef@tripod.com,Female,165.92.138.29
521,Laurene,Freshwater,lfreshwatereg@un.org,Bigender,32.105.85.106
522,Bonnie,Filpi,bfilpieh@yolasite.com,Bigender,6.127.240.191
523,Evey,Pattullo,epattulloei@deviantart.com,Polygender,27.76.193.115
524,Corrie,Clabburn,cclabburnej@unicef.org,Bigender,213.33.16.122
525,Raimundo,Winspare,rwinspareek@homestead.com,Bigender,194.27.195.10
526,Lelia,Ceeley,lceeleyel@blogs.com,Agender,221.2.57.142
527,Bennie,Rackham,brackhamem@slashdot.org,Agender,97.213.50.48
528,Liam,Mahoney,lmahoneyen@topsy.com,Female,105.167.152.108
529,Rycca,Vegas,rvegaseo@chronoengine.com,Bigender,54.64.231.1
530,Terri,Puttick,tputtickep@eepurl.com,Genderqueer,6.215.155.234
531,Roseanne,Whyborne,rwhyborneeq@google.com,Genderfluid,232.247.162.185
532,Gifford,Lynam,glynamer@europa.eu,Genderqueer,80.138.88.43
533,Malva,Mitchell,mmitchelles@usatoday.com,Female,23.243.144.203
534,Ileane,Rosengren,irosengrenet@simplemachines.org,Non-binary,11.158.99.217
535,Reed,Francke,rfranckeeu@seattletimes.com,Female,161.156.29.237
536,Francesca,Mannock,fmannockev@paginegialle.it,Female,114.34.185.167
537,Lizzie,Prantoni,lprantoniew@webnode.com,Agender,232.60.173.226
538,Dorette,Dohms,ddohmsex@dailymail.co.uk,Polygender,207.94.71.155
539,Bernete,Noddles,bnoddlesey@nsw.gov.au,Non-binary,237.138.66.161
540,Agnese,Sibyllina,asibyllinaez@ca.gov,Female,231.14.186.244
541,Eloisa,Whittles,ewhittlesf0@wired.com,Polygender,124.204.33.212
542,Kerianne,Sinott,ksinottf1@theglobeandmail.com,Non-binary,249.35.161.1
543,Sheila,Topliss,stoplissf2@jalbum.net,Bigender,197.0.129.204
544,Keefe,Beesley,kbeesleyf3@techcrunch.com,Female,188.61.109.32
545,Jacqueline,Sheards,jsheardsf4@vinaora.com,Genderfluid,77.61.205.205
546,Veriee,Waye,vwayef5@amazon.de,Polygender,123.118.116.182
547,Quillan,Dunsmore,qdunsmoref6@yahoo.com,Agender,156.12.153.61
548,Martin,Rushworth,mrushworthf7@tiny.cc,Polygender,247.203.236.196
549,Deny,Minshaw,dminshawf8@cbc.ca,Female,59.254.154.138
550,Gail,Blaylock,gblaylockf9@sakura.ne.jp,Bigender,228.62.143.162
551,Matty,Luparto,mlupartofa@163.com,Agender,181.246.52.180
552,Sky,Varran,svarranfb@reddit.com,Polygender,1.121.242.106
553,Honor,Worstall,hworstallfc@gravatar.com,Non-binary,9.155.158.109
554,Sheena,Applin,sapplinfd@cisco.com,Female,176.123.53.20
555,Steffi,Duddan,sduddanfe@wisc.edu,Male,142.87.77.89
556,Roxanna,Ahlf,rahlfff@sitemeter.com,Male,161.108.161.186
557,Nani,Paz,npazfg@cdbaby.com,Agender,148.190.117.159
558,Tammie,Radke,tradkefh@google.es,Genderqueer,147.138.193.211
559,Ron,Tonbridge,rtonbridgefi@marketwatch.com,Female,40.189.86.198
560,Windham,Ackers,wackersfj@tinyurl.com,Genderqueer,84.56.119.94
561,Demetria,Renshall,drenshallfk@creativecommons.org,Agender,8.147.229.141
562,Nalani,Donaldson,ndonaldsonfl@comsenz.com,Agender,109.238.200.143
563,Sydelle,Stepto,ssteptofm@comcast.net,Polygender,20.182.114.62
564,Sig,Burdfield,sburdfieldfn@marketwatch.com,Polygender,37.181.121.43
565,Cloe,Knoble,cknoblefo@sciencedirect.com,Male,114.160.69.145
566,Flor,Stannett,fstannettfp@goo.ne.jp,Polygender,10.205.225.48
567,Adelaida,MacSorley,amacsorleyfq@trellian.com,Female,59.103.92.44
568,Odie,Collinson,ocollinsonfr@craigslist.org,Genderqueer,118.31.123.51
569,Lotta,Harpham,lharphamfs@skyrock.com,Bigender,57.15.170.90
570,Goldy,Dungay,gdungayft@newsvine.com,Bigender,69.54.206.73
571,Cassy,Grebert,cgrebertfu@newyorker.com,Non-binary,188.73.215.129
572,Bradney,Dovidian,bdovidianfv@scribd.com,Male,32.113.120.59
573,Gregoire,Gut,ggutfw@dell.com,Genderqueer,30.9.234.37
574,Judah,Dowall,jdowallfx@google.com.au,Genderqueer,221.187.106.74
575,Harlan,O'Fogarty,hofogartyfy@prlog.org,Genderqueer,216.91.121.14
576,Kari,Garter,kgarterfz@house.gov,Genderqueer,26.44.192.198
577,Dacey,Simco,dsimcog0@yellowpages.com,Non-binary,2.84.122.107
578,Krystal,Dozdill,kdozdillg1@yahoo.co.jp,Genderqueer,178.15.96.8
579,Bettine,Greenier,bgreenierg2@people.com.cn,Polygender,243.27.27.27
580,Willette,Dogg,wdoggg3@opera.com,Non-binary,208.191.79.106
581,Pippy,Wison,pwisong4@ycombinator.com,Bigender,70.235.210.123
582,Gerek,Petican,gpeticang5@desdev.cn,Female,171.141.196.210
583,Morse,Murfin,mmurfing6@jalbum.net,Polygender,158.213.186.182
584,Jonathon,Canner,jcannerg7@artisteer.com,Non-binary,128.41.182.246
585,Tally,Jakubovitch,tjakubovitchg8@unc.edu,Female,23.252.77.9
586,Guss,Robillard,grobillardg9@ed.gov,Bigender,141.207.203.28
587,Nissie,Pendlebury,npendleburyga@ocn.ne.jp,Female,6.244.151.249
588,Bronson,Rizzardo,brizzardogb@cafepress.com,Agender,106.234.160.90
589,Cathe,Lavalle,clavallegc@mapquest.com,Non-binary,46.136.35.242
590,Karil,Trouel,ktrouelgd@tamu.edu,Female,166.167.60.234
591,Joanne,Robey,jrobeyge@imageshack.us,Genderqueer,68.72.140.58
592,Janeen,Bethell,jbethellgf@hao123.com,Genderqueer,120.48.185.95
593,Mair,Beacroft,mbeacroftgg@google.ca,Bigender,78.178.235.211
594,Brandi,Andor,bandorgh@nifty.com,Polygender,27.91.94.172
595,Ilse,Fackney,ifackneygi@yahoo.co.jp,Genderqueer,209.8.78.99
596,Kristofor,Crutcher,kcrutchergj@merriam-webster.com,Genderqueer,249.230.225.114
597,Chevalier,Trulock,ctrulockgk@i2i.jp,Male,155.77.89.238
598,Verile,Brandino,vbrandinogl@surveymonkey.com,Polygender,6.136.242.220
599,Keelby,Baudic,kbaudicgm@freewebs.com,Genderfluid,28.242.251.18
600,Demetris,Ralston,dralstongn@hhs.gov,Agender,88.248.85.112
601,Jan,Gregr,jgregrgo@vkontakte.ru,Polygender,216.0.87.123
602,Andras,Fairn,afairngp@google.com.br,Genderfluid,110.189.7.50
603,Niels,Lowis,nlowisgq@google.co.uk,Genderqueer,231.185.107.242
604,Karoline,Corkett,kcorkettgr@over-blog.com,Genderfluid,206.248.216.106
605,Emmott,Yeliashev,eyeliashevgs@cam.ac.uk,Genderfluid,42.15.23.14
606,Layton,McLuckie,lmcluckiegt@amazon.co.uk,Polygender,227.219.29.17
607,Aili,Bodleigh,abodleighgu@twitter.com,Male,224.93.223.57
608,Ranna,Cattach,rcattachgv@wikia.com,Female,109.173.197.214
609,Mavra,Gobourn,mgobourngw@comsenz.com,Genderfluid,181.17.124.244
610,Berny,Opfer,bopfergx@over-blog.com,Male,140.64.48.62
611,Gretta,Guyton,gguytongy@privacy.gov.au,Genderqueer,17.2.38.124
612,Fairleigh,Boniface,fbonifacegz@bbb.org,Non-binary,210.216.46.21
613,Booth,Bratch,bbratchh0@cnbc.com,Agender,7.254.19.104
614,Patty,Menear,pmenearh1@youtu.be,Genderqueer,189.252.119.138
615,Chev,Portingale,cportingaleh2@nyu.edu,Male,77.57.19.244
616,Nanny,Temby,ntembyh3@purevolume.com,Bigender,197.238.178.87
617,Bonnie,Bessett,bbessetth4@quantcast.com,Genderfluid,63.246.82.230
618,Gasper,Simenon,gsimenonh5@freewebs.com,Polygender,162.220.182.127
619,Jeni,Rawkesby,jrawkesbyh6@sogou.com,Bigender,89.177.189.27
620,Claiborne,Blazek,cblazekh7@mail.ru,Bigender,244.183.116.73
621,Ofilia,Hearon,ohearonh8@studiopress.com,Genderqueer,177.198.25.129
622,Georgeanna,Schoenrock,gschoenrockh9@discovery.com,Polygender,217.204.41.227
623,Quintana,Gowing,qgowingha@japanpost.jp,Female,9.21.137.254
624,Cherie,Sarton,csartonhb@constantcontact.com,Bigender,98.61.140.34
625,Ludvig,Hugonet,lhugonethc@yelp.com,Bigender,60.157.138.138
626,Casie,Cleef,ccleefhd@woothemes.com,Non-binary,120.246.236.31
627,Emmalyn,Cohn,ecohnhe@jugem.jp,Genderqueer,165.56.187.12
628,Cristin,Kettlestring,ckettlestringhf@odnoklassniki.ru,Non-binary,35.243.117.226
629,Rana,Eastlake,reastlakehg@slate.com,Genderqueer,198.103.215.3
630,Pedro,Ashment,pashmenthh@nih.gov,Genderqueer,130.156.74.118
631,Donella,ffrench Beytagh,dffrenchbeytaghhi@ameblo.jp,Agender,117.203.46.204
632,Melvyn,Blythin,mblythinhj@icio.us,Female,20.17.50.118
633,Tybalt,Boundy,tboundyhk@wix.com,Genderqueer,27.123.17.19
634,Roderic,Dahle,rdahlehl@4shared.com,Male,4.209.64.134
635,Randy,Auckland,raucklandhm@hao123.com,Bigender,118.14.83.105
636,Kaylil,Polye,kpolyehn@amazon.co.jp,Agender,165.178.108.243
637,Federica,Garrard,fgarrardho@live.com,Polygender,172.220.218.42
638,Gwenny,Theriot,gtheriothp@a8.net,Genderfluid,212.231.227.64
639,Pip,Gravenell,pgravenellhq@360.cn,Non-binary,153.2.35.8
640,Brittne,Ramstead,bramsteadhr@merriam-webster.com,Bigender,248.123.84.216
641,Ida,Delf,idelfhs@yandex.ru,Genderfluid,33.103.40.95
642,Cesya,Guiel,cguielht@typepad.com,Bigender,128.96.136.132
643,Malvina,Monery,mmoneryhu@networksolutions.com,Female,19.218.173.56
644,Livvie,Galsworthy,lgalsworthyhv@biblegateway.com,Genderqueer,44.34.1.114
645,Jens,Graybeal,jgraybealhw@whitehouse.gov,Non-binary,43.250.25.148
646,Lowe,Village,lvillagehx@miitbeian.gov.cn,Genderfluid,62.241.155.245
647,Doralynn,Nucciotti,dnucciottihy@earthlink.net,Bigender,166.189.178.132
648,Kaila,Chene,kchenehz@virginia.edu,Polygender,34.71.64.110
649,Orella,Hurry,ohurryi0@xinhuanet.com,Bigender,5.46.36.254
650,Deborah,Vernall,dvernalli1@webnode.com,Polygender,137.198.205.39
651,Anatol,Dubock,adubocki2@timesonline.co.uk,Non-binary,194.137.75.67
652,Herbert,Iglesias,higlesiasi3@cloudflare.com,Bigender,219.153.255.198
653,Dirk,Lyosik,dlyosiki4@webnode.com,Agender,155.196.191.254
654,Avery,Feak,afeaki5@bizjournals.com,Non-binary,108.65.231.26
655,Misha,Fitzsymons,mfitzsymonsi6@ifeng.com,Bigender,55.24.54.215
656,Glynn,Milby,gmilbyi7@blogspot.com,Male,220.4.158.235
657,Jenni,Paolacci,jpaolaccii8@storify.com,Genderfluid,161.37.233.254
658,Theresa,Leek,tleeki9@thetimes.co.uk,Non-binary,114.30.100.116
659,Jan,Camlin,jcamlinia@surveymonkey.com,Agender,70.249.102.37
660,Ira,Claworth,iclaworthib@indiegogo.com,Genderfluid,215.98.47.235
661,Morton,Bufton,mbuftonic@craigslist.org,Polygender,121.48.9.70
662,Georgena,Ravilious,graviliousid@1688.com,Polygender,151.53.193.41
663,Alec,Bennitt,abennittie@mlb.com,Agender,49.142.14.250
664,Francyne,McNess,fmcnessif@google.co.uk,Genderqueer,23.109.76.46
665,Massimo,O'Dennehy,modennehyig@theatlantic.com,Genderqueer,150.61.138.228
666,Olva,McConway,omcconwayih@pcworld.com,Bigender,169.72.169.120
667,Junia,Matiewe,jmatieweii@de.vu,Agender,159.165.124.133
668,Erwin,Casini,ecasiniij@hexun.com,Female,234.223.97.203
669,Welbie,Braz,wbrazik@zimbio.com,Female,24.20.214.121
670,Desmund,Bate,dbateil@usda.gov,Female,190.202.240.171
671,Roderic,Jiggins,rjigginsim@java.com,Female,218.211.42.186
672,Emanuel,Whatley,ewhatleyin@behance.net,Bigender,182.58.156.228
673,Kristi,Alten,kaltenio@cdc.gov,Genderfluid,9.151.212.225
674,Che,Scandrite,cscandriteip@nba.com,Agender,138.212.64.69
675,Falkner,Cumber,fcumberiq@g.co,Bigender,161.17.7.225
676,Dotti,Knapp,dknappir@apache.org,Male,205.224.187.75
677,Loleta,Spincke,lspinckeis@ucsd.edu,Bigender,109.111.41.4
678,Darnall,Krzysztofiak,dkrzysztofiakit@japanpost.jp,Male,18.6.243.32
679,Minny,Garth,mgarthiu@harvard.edu,Male,187.250.4.159
680,Alysa,Richemont,arichemontiv@huffingtonpost.com,Bigender,225.23.105.54
681,Inglis,Wyleman,iwylemaniw@china.com.cn,Polygender,24.142.240.72
682,Ferdinanda,Alpe,falpeix@dyndns.org,Bigender,61.160.222.165
683,Timmy,Staig,tstaigiy@ameblo.jp,Male,191.182.20.175
684,Jeno,Rotchell,jrotchelliz@umich.edu,Female,56.198.73.87
685,Sidonnie,Spacey,sspaceyj0@theglobeandmail.com,Genderqueer,79.53.10.94
686,Major,Quincee,mquinceej1@walmart.com,Female,183.113.227.97
687,Sandye,Djokic,sdjokicj2@mashable.com,Genderqueer,116.105.84.8
688,Cherri,Pridham,cpridhamj3@infoseek.co.jp,Genderfluid,248.43.199.20
689,Leeanne,Korbmaker,lkorbmakerj4@utexas.edu,Polygender,243.71.58.183
690,Laurice,Guidi,lguidij5@people.com.cn,Polygender,223.117.57.205
691,Giff,Reinmar,greinmarj6@elegantthemes.com,Male,42.2.104.112
692,Gretel,Allsworth,gallsworthj7@independent.co.uk,Polygender,201.118.101.196
693,Jodee,Kunc,jkuncj8@omniture.com,Agender,208.52.180.150
694,Palm,Geare,pgearej9@aboutads.info,Genderqueer,179.0.182.27
695,Daffi,Slaght,dslaghtja@economist.com,Female,184.133.237.105
696,Kelvin,Valentine,kvalentinejb@google.it,Bigender,167.104.103.171
697,Myrtia,Hamson,mhamsonjc@nhs.uk,Bigender,79.22.164.3
698,Chan,Somerled,csomerledjd@homestead.com,Female,237.34.166.65
699,Waring,Licence,wlicenceje@hostgator.com,Non-binary,135.126.75.82
700,Rosalinda,Baldassi,rbaldassijf@mapy.cz,Male,48.139.15.10
701,Cullen,Barnhart,cbarnhartjg@hibu.com,Female,160.52.145.13
702,Mendel,Abbess,mabbessjh@auda.org.au,Bigender,228.246.197.1
703,Giacinta,Squirrell,gsquirrellji@statcounter.com,Genderfluid,62.195.208.246
704,Klara,Cookes,kcookesjj@vimeo.com,Genderfluid,97.162.5.69
705,Susana,Gowrie,sgowriejk@economist.com,Bigender,236.148.223.243
706,Maurits,Smithen,msmithenjl@chron.com,Genderqueer,95.21.0.138
707,Ethel,Woolward,ewoolwardjm@theglobeandmail.com,Non-binary,43.38.156.150
708,Scarlet,Lorenzin,slorenzinjn@oaic.gov.au,Non-binary,243.199.163.226
709,Kalinda,Carrett,kcarrettjo@amazon.com,Male,53.159.100.78
710,Toddy,Penbarthy,tpenbarthyjp@globo.com,Non-binary,157.211.206.238
711,Randell,Iggulden,rigguldenjq@microsoft.com,Polygender,193.143.8.174
712,Johann,Morena,jmorenajr@free.fr,Non-binary,107.92.26.162
713,Jsandye,Jendrusch,jjendruschjs@amazonaws.com,Male,234.214.180.78
714,Alan,Pickrill,apickrilljt@fotki.com,Bigender,18.44.20.210
715,Stephan,Oakhill,soakhillju@qq.com,Female,0.74.138.33
716,Alfie,Knoble,aknoblejv@mayoclinic.com,Male,142.197.220.147
717,Archibaldo,Romanet,aromanetjw@cpanel.net,Bigender,29.213.140.132
718,Wilmar,Cottrill,wcottrilljx@sakura.ne.jp,Agender,126.71.114.245
719,Jillian,Upcraft,jupcraftjy@theglobeandmail.com,Genderqueer,80.202.52.60
720,Donica,Klauber,dklauberjz@weebly.com,Genderfluid,62.240.78.245
721,Courtenay,Triplow,ctriplowk0@tinypic.com,Polygender,243.232.161.116
722,Lauretta,Pick,lpickk1@fc2.com,Male,77.109.233.106
723,Jo,Ashborn,jashbornk2@studiopress.com,Genderqueer,129.90.14.112
724,Millicent,Dunridge,mdunridgek3@reddit.com,Bigender,115.227.26.183
725,Laureen,MacGahey,lmacgaheyk4@washington.edu,Female,67.25.193.183
726,Bendix,Lethardy,blethardyk5@ucoz.com,Genderfluid,2.234.32.43
727,Chelsey,Carratt,ccarrattk6@phpbb.com,Polygender,154.102.133.95
728,Sim,Tomley,stomleyk7@senate.gov,Agender,181.38.245.134
729,Mischa,Garstan,mgarstank8@usda.gov,Genderqueer,123.244.180.64
730,Neila,Hubert,nhubertk9@ca.gov,Male,148.73.150.85
731,Marjie,Fadian,mfadianka@youtube.com,Non-binary,126.8.36.109
732,Yvette,Lotherington,ylotheringtonkb@netlog.com,Agender,154.185.76.219
733,Worden,Worley,wworleykc@wp.com,Non-binary,110.68.233.219
734,Brandais,Sayles,bsayleskd@mlb.com,Male,231.132.254.238
735,Joye,Lazar,jlazarke@thetimes.co.uk,Female,185.77.154.75
736,Frayda,De Gregorio,fdegregoriokf@opera.com,Non-binary,166.66.115.25
737,Cris,Root,crootkg@geocities.jp,Genderqueer,134.96.94.57
738,Babbie,Hargerie,bhargeriekh@e-recht24.de,Non-binary,139.182.216.3
739,Putnam,Mulkerrins,pmulkerrinski@sfgate.com,Genderqueer,34.160.168.7
740,Maris,Goaks,mgoakskj@1und1.de,Polygender,207.209.176.69
741,Mona,Von Der Empten,mvonderemptenkk@whitehouse.gov,Male,175.195.83.161
742,Dawna,Radin,dradinkl@t-online.de,Genderfluid,180.227.23.37
743,Brit,Tremellier,btremellierkm@infoseek.co.jp,Genderfluid,44.18.93.233
744,Dorotea,Seebright,dseebrightkn@arizona.edu,Female,52.163.178.74
745,Winny,Ben,wbenko@google.ru,Bigender,227.169.172.46
746,Quintana,Roan,qroankp@webeden.co.uk,Agender,105.247.29.11
747,Tomi,Payn,tpaynkq@businesswire.com,Genderfluid,172.175.220.93
748,Jeanne,Goolden,jgooldenkr@si.edu,Genderqueer,134.86.197.123
749,Axe,Chaperling,achaperlingks@go.com,Bigender,247.56.98.161
750,Tommie,Mulmuray,tmulmuraykt@ox.ac.uk,Bigender,130.94.102.13
751,Lavinie,Schuelcke,lschuelckeku@forbes.com,Female,170.220.64.20
752,Dilly,Kimmins,dkimminskv@yellowpages.com,Genderfluid,25.224.43.33
753,Hank,Vatini,hvatinikw@yellowbook.com,Male,63.212.102.161
754,Gordon,Adel,gadelkx@quantcast.com,Non-binary,154.22.177.247
755,Tansy,Poland,tpolandky@dyndns.org,Polygender,131.110.26.117
756,Risa,Donald,rdonaldkz@quantcast.com,Female,3.59.253.93
757,Killian,Grishelyov,kgrishelyovl0@acquirethisname.com,Bigender,49.102.85.84
758,Oneida,Bernlin,obernlinl1@privacy.gov.au,Genderfluid,95.48.149.41
759,Alvina,Meiklejohn,ameiklejohnl2@istockphoto.com,Non-binary,29.22.40.109
760,Adolf,Capeling,acapelingl3@pinterest.com,Polygender,214.210.188.187
761,Rhett,Nouch,rnouchl4@nasa.gov,Male,12.95.140.7
762,Billie,Isitt,bisittl5@utexas.edu,Genderfluid,105.97.106.145
763,Ellie,Askaw,easkawl6@behance.net,Male,42.121.167.210
764,Barde,Senyard,bsenyardl7@ibm.com,Agender,48.64.20.226
765,Bryan,Jendrys,bjendrysl8@gmpg.org,Non-binary,248.126.246.139
766,Mariel,Carslake,mcarslakel9@nydailynews.com,Bigender,186.230.120.122
767,Daffi,Cosgriff,dcosgriffla@indiatimes.com,Male,23.196.21.217
768,Erin,Kelshaw,ekelshawlb@umn.edu,Agender,231.108.154.155
769,Helen-elizabeth,Bagwell,hbagwelllc@theatlantic.com,Bigender,241.223.141.214
770,Homer,Sambals,hsambalsld@netscape.com,Bigender,61.203.41.126
771,Feliks,Bramstom,fbramstomle@eventbrite.com,Genderfluid,77.27.27.38
772,Brien,Ponting,bpontinglf@list-manage.com,Genderfluid,142.121.166.16
773,Orsola,Itscowicz,oitscowiczlg@networkadvertising.org,Genderqueer,44.62.134.54
774,Blondell,Isbell,bisbelllh@statcounter.com,Female,227.150.20.165
775,Everard,Kemet,ekemetli@youku.com,Polygender,138.203.5.106
776,Yoshiko,Alywin,yalywinlj@mit.edu,Female,239.132.177.59
777,Bettye,Baldetti,bbaldettilk@state.tx.us,Genderfluid,227.129.138.17
778,Jermaine,Ellesworth,jellesworthll@webeden.co.uk,Female,232.40.136.143
779,Hedvige,Mattusevich,hmattusevichlm@is.gd,Genderfluid,81.1.250.205
780,Ibby,Pickavant,ipickavantln@tripod.com,Female,133.226.201.208
781,Keely,Djorvic,kdjorviclo@symantec.com,Genderfluid,74.172.25.33
782,Sammy,Janauschek,sjanauscheklp@webnode.com,Genderfluid,125.188.49.174
783,Quint,Spurdle,qspurdlelq@un.org,Agender,32.197.92.136
784,Kristina,Broderick,kbrodericklr@arizona.edu,Non-binary,1.89.243.162
785,Manuel,Loach,mloachls@dagondesign.com,Bigender,41.109.12.75
786,Dynah,Mutton,dmuttonlt@google.com,Male,32.84.166.68
787,Josias,Fronek,jfroneklu@wiley.com,Non-binary,242.71.91.22
788,Inesita,Walling,iwallinglv@shareasale.com,Agender,20.36.124.21
789,Robert,Burril,rburrillw@furl.net,Genderqueer,190.113.110.198
790,Rianon,Lodder,rlodderlx@spiegel.de,Genderfluid,7.156.163.161
791,Law,Tompkins,ltompkinsly@google.ca,Male,150.179.182.202
792,Bendick,Congreave,bcongreavelz@cmu.edu,Polygender,217.121.132.217
793,Jonie,Marini,jmarinim0@hubpages.com,Bigender,113.120.208.39
794,Kimberlee,Borrow,kborrowm1@networkadvertising.org,Agender,83.206.249.223
795,Mallorie,Glewe,mglewem2@nyu.edu,Genderfluid,250.22.113.201
796,Egon,Kleynermans,ekleynermansm3@msu.edu,Polygender,183.167.58.226
797,Millie,Gyngyll,mgyngyllm4@marriott.com,Male,185.78.79.97
798,Elonore,Woolvin,ewoolvinm5@eepurl.com,Female,0.145.74.185
799,Cassaundra,Belcher,cbelcherm6@networksolutions.com,Agender,89.216.114.56
800,Lenard,Patrie,lpatriem7@tinypic.com,Genderfluid,13.69.102.88
801,Donnajean,Ianniello,dianniellom8@deviantart.com,Agender,228.112.225.243
802,Abner,Aubin,aaubinm9@rambler.ru,Genderfluid,51.235.56.77
803,Nap,Cottie,ncottiema@apple.com,Polygender,196.171.160.98
804,Giustina,Tuma,gtumamb@macromedia.com,Male,63.82.127.219
805,Helga,Whall,hwhallmc@microsoft.com,Bigender,81.250.230.252
806,Tyrus,Poxon,tpoxonmd@jalbum.net,Non-binary,190.175.237.227
807,Karalee,Prantl,kprantlme@joomla.org,Genderfluid,133.97.104.29
808,Jackie,Birchenough,jbirchenoughmf@zimbio.com,Male,26.58.39.49
809,Tallou,Prayer,tprayermg@sitemeter.com,Polygender,229.124.162.159
810,Neil,Valentinetti,nvalentinettimh@topsy.com,Agender,231.179.143.159
811,Bert,Philippon,bphilipponmi@netscape.com,Female,38.94.185.158
812,Wrennie,De Fraine,wdefrainemj@businessinsider.com,Female,113.67.87.158
813,Cara,Brister,cbristermk@canalblog.com,Non-binary,245.238.86.107
814,Dorelle,Gulston,dgulstonml@ow.ly,Non-binary,17.131.192.95
815,Nanny,Larrad,nlarradmm@reddit.com,Bigender,68.155.146.78
816,Domenico,Ezzle,dezzlemn@moonfruit.com,Male,178.16.100.184
817,Zahara,Mordie,zmordiemo@e-recht24.de,Polygender,106.213.98.235
818,Stacie,Sim,ssimmp@csmonitor.com,Genderfluid,57.214.116.100
819,Sileas,Leverton,slevertonmq@imgur.com,Female,17.215.125.174
820,Chevalier,Brake,cbrakemr@skyrock.com,Bigender,108.239.5.0
821,Milli,Cobbald,mcobbaldms@people.com.cn,Polygender,20.241.173.52
822,Susanne,Coiley,scoileymt@answers.com,Genderqueer,71.21.83.115
823,Aurie,Grestye,agrestyemu@behance.net,Genderfluid,113.60.51.199
824,Ludvig,Jantot,ljantotmv@youtube.com,Non-binary,245.81.73.166
825,Didi,Johann,djohannmw@ovh.net,Female,181.56.246.167
826,Doralynne,Wigzell,dwigzellmx@icq.com,Genderfluid,9.228.56.232
827,Kirbie,Custed,kcustedmy@is.gd,Agender,68.165.240.12
828,Erda,Childes,echildesmz@ucsd.edu,Female,229.35.148.217
829,Reilly,Petrecz,rpetreczn0@google.co.uk,Bigender,88.17.187.63
830,Bambi,Balm,bbalmn1@eepurl.com,Non-binary,197.36.7.241
831,Lowrance,Ianno,liannon2@biglobe.ne.jp,Non-binary,118.15.244.241
832,Aguie,Collingridge,acollingridgen3@t-online.de,Agender,175.182.187.153
833,Pail,Tesimon,ptesimonn4@youtu.be,Female,201.215.99.79
834,Iorgos,Coop,icoopn5@bluehost.com,Genderqueer,101.46.138.245
835,Tabbie,Shovlar,tshovlarn6@npr.org,Bigender,175.113.28.59
836,Debby,Saffill,dsaffilln7@mlb.com,Male,233.125.179.17
837,Gayla,Cave,gcaven8@odnoklassniki.ru,Agender,4.7.130.199
838,Carlina,Redgrove,credgroven9@jiathis.com,Non-binary,208.114.98.90
839,Forrester,Dunlap,fdunlapna@weibo.com,Genderqueer,86.166.11.14
840,Addie,Merle,amerlenb@state.gov,Bigender,31.19.164.186
841,Donavon,Greneham,dgrenehamnc@blogger.com,Agender,254.126.29.232
842,Saudra,Schistl,sschistlnd@icio.us,Male,172.178.35.61
843,Joel,Philippart,jphilippartne@hatena.ne.jp,Polygender,157.25.14.211
844,Andreana,Vahl,avahlnf@ifeng.com,Genderfluid,180.176.185.98
845,Tonye,Gyles,tgylesng@tiny.cc,Genderqueer,173.52.78.216
846,Julina,Trimble,jtrimblenh@ehow.com,Male,118.37.34.218
847,Abel,Connor,aconnorni@cnbc.com,Polygender,230.244.71.236
848,Kenton,Methven,kmethvennj@friendfeed.com,Male,131.35.129.61
849,Celestia,Jallin,cjallinnk@theatlantic.com,Bigender,230.204.247.158
850,Eden,McSpirron,emcspirronnl@flavors.me,Agender,188.89.50.27
851,Gregor,Wessing,gwessingnm@linkedin.com,Male,124.173.18.51
852,Devonne,Plumb,dplumbnn@gravatar.com,Bigender,26.185.0.203
853,Doro,Schoolcroft,dschoolcroftno@vinaora.com,Female,70.72.150.192
854,Duff,Maddox,dmaddoxnp@wikimedia.org,Genderqueer,46.202.175.232
855,Deck,Astbury,dastburynq@jigsy.com,Genderfluid,182.181.232.159
856,Laurice,Ripley,lripleynr@about.me,Bigender,99.44.211.60
857,Caty,Cranstoun,ccranstounns@baidu.com,Bigender,27.210.83.146
858,Addy,Dessaur,adessaurnt@usda.gov,Genderfluid,11.204.76.5
859,Phip,Ball,pballnu@angelfire.com,Bigender,80.211.177.160
860,Bethanne,Englefield,benglefieldnv@flickr.com,Agender,205.187.154.143
861,Aleta,Ecclestone,aecclestonenw@independent.co.uk,Genderfluid,49.76.118.240
862,Branden,Wittrington,bwittringtonnx@woothemes.com,Genderfluid,61.185.168.116
863,Nikos,Barhems,nbarhemsny@ycombinator.com,Polygender,77.44.162.53
864,Dalila,Cuthill,dcuthillnz@psu.edu,Genderqueer,27.187.75.51
865,Roselin,Royse,rroyseo0@icq.com,Bigender,77.41.24.246
866,Denys,Peres,dpereso1@hibu.com,Genderqueer,196.71.216.88
867,Naomi,Edmonstone,nedmonstoneo2@sitemeter.com,Non-binary,33.212.42.137
868,Lauritz,Furbank,lfurbanko3@uol.com.br,Genderfluid,44.70.248.239
869,Daffi,Papis,dpapiso4@barnesandnoble.com,Genderqueer,188.15.176.56
870,Berton,Shaughnessy,bshaughnessyo5@w3.org,Genderfluid,219.22.120.77
871,Dorelle,Sutehall,dsutehallo6@printfriendly.com,Polygender,201.52.226.251
872,Clemente,Dumbellow,cdumbellowo7@elpais.com,Male,58.29.245.91
873,Hirsch,Summerhayes,hsummerhayeso8@guardian.co.uk,Male,225.223.206.102
874,Harlie,Moorerud,hmoorerudo9@google.es,Genderqueer,20.63.67.161
875,Saidee,Brownstein,sbrownsteinoa@merriam-webster.com,Polygender,131.144.141.130
876,Betsy,Stirland,bstirlandob@xrea.com,Non-binary,31.82.138.25
877,Cece,Alflat,calflatoc@csmonitor.com,Male,250.119.159.173
878,Elisabet,Rebanks,erebanksod@ebay.co.uk,Genderqueer,117.200.255.82
879,Peterus,Lummasana,plummasanaoe@time.com,Agender,240.10.218.209
880,Anet,Lundbeck,alundbeckof@blogs.com,Genderqueer,233.30.203.88
881,Krystal,Tallyn,ktallynog@free.fr,Genderqueer,174.49.158.241
882,Kerrill,Rubbens,krubbensoh@wiley.com,Agender,124.34.219.3
883,Jemie,Kingshott,jkingshottoi@spotify.com,Genderfluid,70.130.215.95
884,Scott,Elder,selderoj@list-manage.com,Female,13.158.228.226
885,Lilah,Diack,ldiackok@merriam-webster.com,Non-binary,203.139.168.184
886,Gustie,Tremblett,gtremblettol@webnode.com,Female,9.34.39.188
887,Sigmund,Brager,sbragerom@fc2.com,Genderfluid,255.148.74.125
888,Fancy,Jervois,fjervoison@berkeley.edu,Genderfluid,54.58.202.113
889,Alie,Brockhurst,abrockhurstoo@parallels.com,Genderfluid,210.94.156.102
890,Gerhardine,Fuente,gfuenteop@mlb.com,Male,126.49.24.39
891,Quillan,Yendle,qyendleoq@dmoz.org,Non-binary,54.227.24.150
892,Sherrie,Fearenside,sfearensideor@youku.com,Male,181.104.213.27
893,Corella,Backes,cbackesos@house.gov,Genderqueer,177.175.98.69
894,Rufe,Allder,rallderot@multiply.com,Polygender,170.183.196.195
895,Niall,Pretorius,npretoriusou@studiopress.com,Male,161.184.36.85
896,Cassaundra,Duker,cdukerov@apache.org,Female,212.243.76.200
897,Saunders,Benwell,sbenwellow@marketwatch.com,Genderqueer,105.158.197.97
898,Ruth,Nanninini,rnannininiox@i2i.jp,Genderfluid,186.125.199.168
899,Evangelina,Denacamp,edenacampoy@unblog.fr,Non-binary,180.146.126.129
900,Arty,Bannard,abannardoz@wsj.com,Agender,83.239.210.105
901,Doreen,Batting,dbattingp0@redcross.org,Female,46.10.108.56
902,Janetta,Lauga,jlaugap1@shinystat.com,Genderfluid,244.96.236.217
903,Rebeka,Muckleston,rmucklestonp2@deliciousdays.com,Non-binary,3.219.237.180
904,Boot,Libero,bliberop3@mac.com,Bigender,254.136.161.245
905,Wadsworth,Rollings,wrollingsp4@tamu.edu,Bigender,88.146.36.156
906,Renado,Roskrug,rroskrugp5@cocolog-nifty.com,Polygender,224.50.127.108
907,Dal,Buckbee,dbuckbeep6@japanpost.jp,Female,52.39.188.101
908,Shelby,Gerler,sgerlerp7@yahoo.co.jp,Agender,134.75.127.194
909,Wynne,Whyler,wwhylerp8@desdev.cn,Polygender,209.241.112.14
910,Addie,Baldin,abaldinp9@yellowpages.com,Agender,59.146.206.8
911,Julieta,Szimoni,jszimonipa@bluehost.com,Bigender,12.226.24.117
912,Robyn,Castree,rcastreepb@theatlantic.com,Genderqueer,164.5.53.211
913,Corinne,Knocker,cknockerpc@cisco.com,Genderfluid,230.54.175.182
914,Ruth,Edensor,redensorpd@dedecms.com,Genderfluid,215.180.3.58
915,Jeralee,Venes,jvenespe@cpanel.net,Polygender,143.222.69.223
916,Julia,Casotti,jcasottipf@sciencedaily.com,Polygender,202.107.220.152
917,Chevalier,Maccaddie,cmaccaddiepg@weebly.com,Genderqueer,118.15.39.192
918,Reese,Ruilton,rruiltonph@nymag.com,Bigender,206.129.78.77
919,Linn,Haddeston,lhaddestonpi@bizjournals.com,Female,152.35.50.77
920,Tiffanie,Alfonzo,talfonzopj@domainmarket.com,Bigender,36.232.103.81
921,Laurent,Fardo,lfardopk@answers.com,Bigender,176.88.115.224
922,Janice,Hickisson,jhickissonpl@tinyurl.com,Male,252.127.53.139
923,Carree,McGarvey,cmcgarveypm@npr.org,Agender,246.142.127.199
924,Delainey,Longshaw,dlongshawpn@bing.com,Bigender,166.150.45.13
925,Albina,Emmens,aemmenspo@ocn.ne.jp,Non-binary,145.19.128.169
926,Cammie,Whitham,cwhithampp@phpbb.com,Genderfluid,41.250.168.77
927,Elsa,Van't Hoff,evanthoffpq@twitter.com,Female,251.220.161.83
928,Natal,Cutajar,ncutajarpr@ezinearticles.com,Non-binary,115.32.224.55
929,Abagail,Esplin,aesplinps@admin.ch,Agender,175.195.152.150
930,Conchita,Parminter,cparminterpt@t.co,Genderqueer,187.172.182.79
931,Cinnamon,Tuffin,ctuffinpu@eepurl.com,Genderqueer,50.113.171.128
932,Normy,Jozsika,njozsikapv@istockphoto.com,Polygender,116.173.153.140
933,Miquela,Matyas,mmatyaspw@eepurl.com,Agender,88.25.68.171
934,Nicol,Vick,nvickpx@etsy.com,Bigender,246.239.134.208
935,Barri,Lockyer,blockyerpy@baidu.com,Genderfluid,190.44.122.244
936,Madella,McIllroy,mmcillroypz@ning.com,Male,146.203.113.223
937,Stevena,Haselup,shaselupq0@linkedin.com,Non-binary,111.163.255.10
938,Christi,Fellon,cfellonq1@theglobeandmail.com,Genderqueer,87.97.83.32
939,Margarete,Joinsey,mjoinseyq2@wikispaces.com,Genderqueer,203.232.147.219
940,Lelia,Dmitriev,ldmitrievq3@csmonitor.com,Male,68.77.39.116
941,Harper,Laible,hlaibleq4@salon.com,Agender,15.98.217.187
942,Wes,Mattke,wmattkeq5@java.com,Genderqueer,187.6.230.24
943,Devan,Gigg,dgiggq6@trellian.com,Non-binary,178.41.8.159
944,Pierette,Feldhorn,pfeldhornq7@illinois.edu,Genderfluid,42.42.141.170
945,Lauraine,Beattie,lbeattieq8@shareasale.com,Agender,41.110.161.205
946,Roberto,Thorius,rthoriusq9@xrea.com,Genderfluid,242.34.7.109
947,Morissa,Lampett,mlampettqa@slate.com,Agender,215.204.178.207
948,Dorry,Crewe,dcreweqb@php.net,Polygender,43.2.58.76
949,Delcine,Tucknutt,dtucknuttqc@blogs.com,Male,198.241.218.79
950,Douglas,McEvoy,dmcevoyqd@squidoo.com,Polygender,155.173.143.211
951,Sylvia,Perkins,sperkinsqe@usa.gov,Male,50.215.166.83
952,Raquel,Hubbucks,rhubbucksqf@nydailynews.com,Female,211.1.178.97
953,Broddy,Turri,bturriqg@deviantart.com,Agender,190.201.3.98
954,Thorndike,Lomas,tlomasqh@dyndns.org,Genderqueer,120.110.159.160
955,Scot,Perillo,sperilloqi@apple.com,Polygender,135.201.223.148
956,Markus,Horsey,mhorseyqj@hugedomains.com,Agender,177.235.107.207
957,Delbert,Highman,dhighmanqk@google.it,Genderfluid,208.137.171.56
958,Diane-marie,Buret,dburetql@psu.edu,Female,155.40.92.220
959,Shaun,Conahy,sconahyqm@netvibes.com,Bigender,109.215.19.226
960,Sigfried,Thams,sthamsqn@bigcartel.com,Genderfluid,219.173.183.62
961,Rochette,Williscroft,rwilliscroftqo@infoseek.co.jp,Female,221.226.68.253
962,Maisey,Gritsaev,mgritsaevqp@bravesites.com,Genderfluid,235.106.215.2
963,Silva,Kike,skikeqq@domainmarket.com,Genderfluid,252.94.162.85
964,Nadine,Roston,nrostonqr@pbs.org,Male,34.29.213.74
965,Adelaide,Ffrench,affrenchqs@gov.uk,Agender,163.114.165.76
966,Gene,Simison,gsimisonqt@theatlantic.com,Male,198.178.248.165
967,Martina,Mathelin,mmathelinqu@multiply.com,Genderfluid,78.76.186.254
968,Sarina,Mollatt,smollattqv@businessweek.com,Male,252.2.71.165
969,Cami,Spiers,cspiersqw@4shared.com,Non-binary,103.224.232.8
970,Shurlocke,Romeuf,sromeufqx@flickr.com,Agender,90.198.170.158
971,Kasey,Frude,kfrudeqy@sogou.com,Bigender,234.191.67.79
972,Bobbie,Elliot,belliotqz@qq.com,Agender,129.115.184.15
973,Gabbey,Fishburn,gfishburnr0@admin.ch,Genderqueer,6.136.164.143
974,Doug,Witherspoon,dwitherspoonr1@nature.com,Genderqueer,248.35.30.113
975,Harriett,Cuttles,hcuttlesr2@google.cn,Genderqueer,47.173.120.214
976,Granville,Birtwhistle,gbirtwhistler3@a8.net,Non-binary,15.243.36.67
977,Thadeus,Brosch,tbroschr4@163.com,Genderfluid,175.255.135.25
978,Goldi,Ather,gatherr5@umn.edu,Bigender,181.232.69.27
979,Felic,Badini,fbadinir6@china.com.cn,Non-binary,238.113.42.48
980,Junie,Ledgerton,jledgertonr7@myspace.com,Genderfluid,29.226.56.32
981,Ronnie,Kilday,rkildayr8@typepad.com,Agender,186.255.36.143
982,Anstice,Renvoys,arenvoysr9@biblegateway.com,Female,23.187.79.214
983,Conrad,Bahls,cbahlsra@reddit.com,Male,224.186.75.176
984,Tadeo,Borkin,tborkinrb@umn.edu,Non-binary,174.183.139.239
985,Corey,Biasi,cbiasirc@forbes.com,Polygender,138.203.183.118
986,Rubi,Grisley,rgrisleyrd@examiner.com,Genderqueer,109.207.29.184
987,Sibbie,Cuolahan,scuolahanre@bizjournals.com,Genderqueer,161.32.150.23
988,Shayne,Stare,sstarerf@netlog.com,Non-binary,65.42.230.196
989,Cathyleen,Echlin,cechlinrg@vimeo.com,Genderqueer,189.165.102.59
990,Killy,Merwood,kmerwoodrh@comsenz.com,Genderfluid,75.203.111.95
991,Suki,Felce,sfelceri@aboutads.info,Female,172.50.244.3
992,Ailee,Condit,aconditrj@mayoclinic.com,Genderfluid,175.174.252.120
993,Rosette,Brecher,rbrecherrk@privacy.gov.au,Female,91.105.138.111
994,Ansel,Dulany,adulanyrl@live.com,Bigender,191.40.210.175
995,Dorise,Bladon,dbladonrm@webmd.com,Male,148.227.26.167
996,Marget,Muck,mmuckrn@wired.com,Male,103.40.134.166
997,Malvina,Alabaster,malabasterro@bizjournals.com,Genderqueer,165.33.244.182
998,Talbert,Troyes,ttroyesrp@springer.com,Bigender,152.199.72.16
999,Rollie,Kop,rkoprq@xing.com,Agender,195.70.107.65
1000,Brook,Cremen,bcremenrr@hexun.com,Non-binary,15.162.76.96
